-- MySQL dump 10.13  Distrib 8.0.41, for Win64 (x86_64)
--
-- Host: 127.0.0.1    Database: ms_publications_clean
-- ------------------------------------------------------
-- Server version	9.2.0

/*!40101 SET @OLD_CHARACTER_SET_CLIENT=@@CHARACTER_SET_CLIENT */;
/*!40101 SET @OLD_CHARACTER_SET_RESULTS=@@CHARACTER_SET_RESULTS */;
/*!40101 SET @OLD_COLLATION_CONNECTION=@@COLLATION_CONNECTION */;
/*!50503 SET NAMES utf8 */;
/*!40103 SET @OLD_TIME_ZONE=@@TIME_ZONE */;
/*!40103 SET TIME_ZONE='+00:00' */;
/*!40014 SET @OLD_UNIQUE_CHECKS=@@UNIQUE_CHECKS, UNIQUE_CHECKS=0 */;
/*!40014 SET @OLD_FOREIGN_KEY_CHECKS=@@FOREIGN_KEY_CHECKS, FOREIGN_KEY_CHECKS=0 */;
/*!40101 SET @OLD_SQL_MODE=@@SQL_MODE, SQL_MODE='NO_AUTO_VALUE_ON_ZERO' */;
/*!40111 SET @OLD_SQL_NOTES=@@SQL_NOTES, SQL_NOTES=0 */;

--
-- Table structure for table `books`
--

DROP TABLE IF EXISTS `books`;
/*!40101 SET @saved_cs_client     = @@character_set_client */;
/*!50503 SET character_set_client = utf8mb4 */;
CREATE TABLE `books` (
  `book_id` int NOT NULL,
  `title` varchar(255) DEFAULT NULL,
  `isbn` varchar(30) DEFAULT NULL,
  `price` decimal(10,2) DEFAULT NULL,
  `stock` int DEFAULT NULL,
  PRIMARY KEY (`book_id`),
  KEY `idx_title` (`title`)
) ENGINE=InnoDB DEFAULT CHARSET=utf8mb4 COLLATE=utf8mb4_0900_ai_ci;
/*!40101 SET character_set_client = @saved_cs_client */;

--
-- Dumping data for table `books`
--

LOCK TABLES `books` WRITE;
/*!40000 ALTER TABLE `books` DISABLE KEYS */;
INSERT INTO `books` VALUES (1009,'DU Course Book 134','ISBN3836517266',162.15,226),(1053,'DU Course Book 122','ISBN7015992643',141.27,188),(1106,'DU Course Book 24','ISBN7099469983',140.44,157),(1188,'DU Course Book 112','ISBN5184564874',657.41,139),(1319,'DU Course Book 137','ISBN5306459450',633.83,154),(1409,'DU Course Book 2','ISBN7852415525',668.11,31),(1434,'DU Course Book 17','ISBN6288227800',138.42,95),(1488,'DU Course Book 12','ISBN9922723063',503.01,106),(1520,'DU Course Book 11','ISBN6474354351',339.40,68),(1525,'DU Course Book 76','ISBN4658080160',538.30,127),(1711,'DU Course Book 39','ISBN6698759353',312.58,111),(1750,'DU Course Book 49','ISBN5078551333',214.95,146),(1771,'DU Course Book 101','ISBN6458544482',149.19,184),(1916,'DU Course Book 74','ISBN7371573279',271.15,89),(1949,'DU Course Book 142','ISBN2950049698',305.73,142),(2040,'DU Course Book 106','ISBN6128695961',501.84,137),(2084,'DU Course Book 80','ISBN5418232833',213.94,30),(2133,'DU Course Book 147','ISBN3338877621',644.90,157),(2139,'DU Course Book 48','ISBN4239406957',165.56,186),(2169,'DU Course Book 64','ISBN4361393222',241.83,163),(2290,'DU Course Book 144','ISBN9263135031',611.75,295),(2291,'DU Course Book 44','ISBN3316787198',487.71,143),(2307,'DU Course Book 52','ISBN5837082260',210.09,128),(2403,'DU Course Book 145','ISBN5010075517',403.25,267),(2424,'DU Course Book 9','ISBN7533932947',513.92,34),(2489,'DU Course Book 100','ISBN8313706299',123.84,119),(2519,'DU Course Book 33','ISBN1116402431',445.73,42),(2535,'DU Course Book 13','ISBN2227193073',324.05,48),(2584,'DU Course Book 35','ISBN2982979741',383.78,200),(2654,'DU Course Book 54','ISBN6231117883',624.69,198),(2674,'DU Course Book 32','ISBN5419627962',629.43,241),(2679,'DU Course Book 7','ISBN7333678472',657.35,256),(2743,'DU Course Book 127','ISBN8578226896',281.51,53),(2796,'DU Course Book 102','ISBN2079770569',494.42,237),(2824,'DU Course Book 1','ISBN8737025391',495.85,52),(2827,'DU Course Book 117','ISBN7311011808',159.99,175),(2832,'DU Course Book 138','ISBN7845366946',545.45,105),(2876,'DU Course Book 113','ISBN7671625956',661.44,291),(3045,'DU Course Book 42','ISBN5646751885',132.50,49),(3060,'DU Course Book 149','ISBN9196564761',480.57,263),(3103,'DU Course Book 150','ISBN4550353803',597.61,98),(3266,'DU Course Book 97','ISBN7792729530',664.96,128),(3286,'DU Course Book 6','ISBN4853479481',678.62,112),(3287,'DU Course Book 89','ISBN8387664437',418.68,183),(3340,'DU Course Book 87','ISBN5071897791',386.07,190),(3504,'DU Course Book 103','ISBN6122110529',439.14,30),(3547,'DU Course Book 29','ISBN6242173772',391.25,151),(3591,'DU Course Book 120','ISBN3051831252',179.47,77),(3615,'DU Course Book 25','ISBN3987248494',118.85,82),(3621,'DU Course Book 104','ISBN1795212538',289.82,185),(3646,'DU Course Book 131','ISBN3667292043',500.72,263),(3664,'DU Course Book 59','ISBN9410288290',491.29,290),(3677,'DU Course Book 68','ISBN8826851692',641.47,85),(3803,'DU Course Book 65','ISBN2591589823',343.85,121),(3927,'DU Course Book 125','ISBN2304963614',362.91,105),(4150,'DU Course Book 47','ISBN3799264931',580.36,209),(4257,'DU Course Book 18','ISBN3980491761',112.62,51),(4258,'DU Course Book 129','ISBN7196439534',584.26,273),(4432,'DU Course Book 62','ISBN3693985578',155.96,44),(4456,'DU Course Book 81','ISBN8949781901',230.62,296),(4483,'DU Course Book 83','ISBN6206015111',541.44,216),(4527,'DU Course Book 30','ISBN6237376063',423.54,113),(4582,'DU Course Book 14','ISBN6461974809',639.77,219),(4593,'DU Course Book 96','ISBN3971203213',342.27,95),(4598,'DU Course Book 72','ISBN4037867512',655.91,253),(4611,'DU Course Book 21','ISBN7045593274',104.31,50),(4657,'DU Course Book 5','ISBN7648059419',463.96,164),(4733,'DU Course Book 50','ISBN9677466102',421.77,144),(4752,'DU Course Book 75','ISBN6447717367',517.95,227),(4811,'DU Course Book 15','ISBN3319936135',370.89,105),(4814,'DU Course Book 53','ISBN3875303857',377.58,234),(4923,'DU Course Book 141','ISBN8331319481',226.38,247),(4946,'DU Course Book 143','ISBN3952295757',512.50,120),(5010,'DU Course Book 67','ISBN8943866829',618.79,49),(5012,'DU Course Book 4','ISBN7462972995',416.60,96),(5040,'DU Course Book 90','ISBN4256292393',134.13,289),(5119,'DU Course Book 111','ISBN2178158203',374.33,256),(5304,'DU Course Book 92','ISBN7403028869',610.81,239),(5315,'DU Course Book 123','ISBN9908115095',246.57,145),(5333,'DU Course Book 38','ISBN6204041308',495.39,166),(5339,'DU Course Book 88','ISBN1367704871',651.63,93),(5371,'DU Course Book 115','ISBN4748302739',472.70,116),(5374,'DU Course Book 63','ISBN8612747444',552.14,89),(5386,'DU Course Book 79','ISBN6922713963',392.00,253),(5422,'DU Course Book 71','ISBN8854238082',334.25,190),(5506,'DU Course Book 3','ISBN9123612497',199.08,200),(5552,'DU Course Book 28','ISBN8531118333',267.09,109),(5554,'DU Course Book 56','ISBN8588769565',584.81,65),(5557,'DU Course Book 23','ISBN2785736751',135.32,137),(5741,'DU Course Book 51','ISBN1654477195',184.11,42),(5803,'DU Course Book 45','ISBN2503068227',136.37,132),(5808,'DU Course Book 118','ISBN7186766399',422.58,293),(5889,'DU Course Book 128','ISBN7539399243',690.31,155),(6038,'DU Course Book 140','ISBN6289150149',269.05,84),(6155,'DU Course Book 82','ISBN6075963527',135.09,130),(6168,'DU Course Book 77','ISBN5667181604',570.02,160),(6310,'DU Course Book 135','ISBN1674555072',626.88,283),(6313,'DU Course Book 73','ISBN2870403050',571.08,291),(6514,'DU Course Book 31','ISBN7166868574',534.01,120),(6573,'DU Course Book 116','ISBN7760554363',437.80,73),(6574,'DU Course Book 27','ISBN6805759868',408.49,238),(6635,'DU Course Book 37','ISBN6923206003',156.60,157),(6820,'DU Course Book 61','ISBN9916336966',108.85,199),(6881,'DU Course Book 36','ISBN5510938155',344.24,240),(6925,'DU Course Book 46','ISBN3792347639',536.93,265),(6930,'DU Course Book 95','ISBN6246716604',617.09,181),(6947,'DU Course Book 139','ISBN2250949136',193.27,32),(6977,'DU Course Book 58','ISBN9438411468',158.75,209),(7065,'DU Course Book 60','ISBN4070964768',424.35,234),(7126,'DU Course Book 130','ISBN9547119184',417.36,67),(7201,'DU Course Book 43','ISBN9673185158',492.07,270),(7216,'DU Course Book 70','ISBN9421518487',101.29,206),(7224,'DU Course Book 34','ISBN8055556030',245.80,121),(7227,'DU Course Book 55','ISBN8299146480',145.23,172),(7252,'DU Course Book 108','ISBN6065662867',259.37,194),(7304,'DU Course Book 107','ISBN6272000062',288.51,250),(7482,'DU Course Book 85','ISBN6756711494',288.16,65),(7543,'DU Course Book 94','ISBN5694628398',140.78,236),(7572,'DU Course Book 78','ISBN9081544414',497.12,52),(7873,'DU Course Book 20','ISBN5570828113',453.06,216),(7912,'DU Course Book 10','ISBN3691864041',527.77,87),(7916,'DU Course Book 105','ISBN7374584386',256.46,176),(7924,'DU Course Book 26','ISBN6928691380',298.26,211),(8019,'DU Course Book 93','ISBN4405620755',141.11,197),(8123,'DU Course Book 119','ISBN5515628633',403.53,201),(8359,'DU Course Book 22','ISBN7625464411',524.70,213),(8428,'DU Course Book 57','ISBN4518871744',613.58,172),(8433,'DU Course Book 121','ISBN4530959836',309.41,150),(8517,'DU Course Book 86','ISBN9633533290',130.09,199),(8527,'DU Course Book 40','ISBN6923301988',346.66,85),(8573,'DU Course Book 69','ISBN5748253283',198.78,252),(8668,'DU Course Book 109','ISBN9650701349',178.53,268),(8962,'DU Course Book 146','ISBN2825957977',250.67,55),(9005,'DU Course Book 136','ISBN1322401182',258.68,234),(9085,'DU Course Book 99','ISBN6715705115',447.35,224),(9179,'DU Course Book 84','ISBN8721631198',136.57,250),(9201,'DU Course Book 124','ISBN1230249217',270.99,131),(9279,'DU Course Book 16','ISBN1594312071',248.74,250),(9317,'DU Course Book 126','ISBN5268845844',425.93,42),(9348,'DU Course Book 98','ISBN7575259637',441.81,245),(9669,'DU Course Book 110','ISBN3294092753',487.30,256),(9689,'DU Course Book 133','ISBN6201313620',659.05,129),(9727,'DU Course Book 148','ISBN3781569954',130.48,92),(9751,'DU Course Book 66','ISBN2465576748',388.82,165),(9785,'DU Course Book 41','ISBN8868054898',618.30,225),(9797,'DU Course Book 114','ISBN3108307952',105.59,272),(9830,'DU Course Book 91','ISBN8261111839',404.70,188),(9837,'DU Course Book 132','ISBN4178659381',432.76,242),(9928,'DU Course Book 19','ISBN4034047118',432.35,187),(9935,'DU Course Book 8','ISBN8033702319',553.16,248);
/*!40000 ALTER TABLE `books` ENABLE KEYS */;
UNLOCK TABLES;

--
-- Table structure for table `customers`
--

DROP TABLE IF EXISTS `customers`;
/*!40101 SET @saved_cs_client     = @@character_set_client */;
/*!50503 SET character_set_client = utf8mb4 */;
CREATE TABLE `customers` (
  `customer_id` int NOT NULL,
  `name` varchar(255) DEFAULT NULL,
  `customer_type` varchar(50) DEFAULT NULL,
  PRIMARY KEY (`customer_id`)
) ENGINE=InnoDB DEFAULT CHARSET=utf8mb4 COLLATE=utf8mb4_0900_ai_ci;
/*!40101 SET character_set_client = @saved_cs_client */;

--
-- Dumping data for table `customers`
--

LOCK TABLES `customers` WRITE;
/*!40000 ALTER TABLE `customers` DISABLE KEYS */;
INSERT INTO `customers` VALUES (1018,'56','Book Depot'),(1042,'107','Book Depot'),(1046,'330','Book Depot'),(1100,'438','Book Depot'),(1125,'480','Student'),(1126,'489','Student'),(1132,'220','Student'),(1153,'195','Student'),(1224,'79','Student'),(1228,'261','Student'),(1243,'338','Student'),(1251,'142','Book Depot'),(1258,'342','Book Depot'),(1339,'23','Student'),(1349,'319','Student'),(1359,'217','Student'),(1410,'272','Book Depot'),(1422,'336','Book Depot'),(1423,'20','Student'),(1430,'431','Book Depot'),(1472,'75','Book Depot'),(1474,'170','Student'),(1502,'444','Book Depot'),(1510,'363','Student'),(1536,'300','Book Depot'),(1546,'234','Book Depot'),(1588,'158','Book Depot'),(1601,'47','Book Depot'),(1606,'133','Book Depot'),(1609,'282','Book Depot'),(1645,'231','Book Depot'),(1653,'16','Book Depot'),(1659,'25','Book Depot'),(1710,'359','Book Depot'),(1715,'126','Student'),(1742,'281','Book Depot'),(1744,'476','Book Depot'),(1753,'171','Book Depot'),(1803,'221','Student'),(1815,'458','Student'),(1828,'320','Student'),(1842,'415','Book Depot'),(1845,'66','Book Depot'),(1858,'345','Book Depot'),(1861,'455','Student'),(1888,'60','Book Depot'),(1897,'479','Book Depot'),(1919,'173','Student'),(1977,'1','Book Depot'),(1982,'410','Book Depot'),(1992,'311','Student'),(1996,'364','Student'),(2035,'275','Book Depot'),(2041,'350','Student'),(2076,'375','Book Depot'),(2099,'404','Book Depot'),(2121,'159','Student'),(2124,'325','Student'),(2140,'442','Book Depot'),(2143,'101','Book Depot'),(2169,'0','Student'),(2180,'498','Book Depot'),(2204,'371','Book Depot'),(2210,'200','Book Depot'),(2225,'146','Book Depot'),(2233,'254','Student'),(2293,'185','Book Depot'),(2315,'151','Book Depot'),(2317,'15','Book Depot'),(2323,'372','Student'),(2336,'459','Book Depot'),(2391,'454','Book Depot'),(2398,'405','Student'),(2442,'49','Book Depot'),(2476,'237','Book Depot'),(2479,'259','Book Depot'),(2480,'163','Student'),(2494,'34','Book Depot'),(2496,'21','Book Depot'),(2501,'317','Book Depot'),(2503,'445','Book Depot'),(2527,'81','Student'),(2557,'397','Student'),(2582,'407','Student'),(2591,'230','Student'),(2592,'286','Book Depot'),(2612,'165','Book Depot'),(2622,'296','Student'),(2624,'386','Book Depot'),(2627,'307','Book Depot'),(2633,'139','Student'),(2644,'137','Student'),(2646,'166','Student'),(2697,'418','Student'),(2713,'40','Student'),(2747,'211','Book Depot'),(2768,'368','Student'),(2773,'424','Book Depot'),(2775,'269','Student'),(2786,'355','Student'),(2801,'335','Book Depot'),(2816,'471','Book Depot'),(2858,'83','Student'),(2862,'349','Book Depot'),(2864,'468','Book Depot'),(2874,'387','Student'),(2882,'427','Book Depot'),(2886,'252','Book Depot'),(2899,'53','Book Depot'),(2902,'285','Book Depot'),(2911,'279','Book Depot'),(2924,'85','Book Depot'),(2965,'488','Book Depot'),(2989,'74','Book Depot'),(3001,'315','Student'),(3002,'412','Student'),(3024,'264','Book Depot'),(3037,'6','Book Depot'),(3063,'323','Book Depot'),(3067,'376','Student'),(3068,'134','Student'),(3076,'346','Book Depot'),(3116,'493','Book Depot'),(3129,'333','Book Depot'),(3131,'409','Student'),(3146,'70','Book Depot'),(3153,'236','Student'),(3159,'337','Student'),(3165,'242','Student'),(3222,'288','Student'),(3236,'100','Book Depot'),(3240,'229','Student'),(3248,'484','Book Depot'),(3290,'280','Book Depot'),(3306,'255','Student'),(3324,'443','Book Depot'),(3344,'189','Student'),(3347,'440','Book Depot'),(3361,'143','Book Depot'),(3369,'96','Student'),(3370,'332','Student'),(3385,'178','Book Depot'),(3417,'329','Book Depot'),(3430,'374','Book Depot'),(3434,'111','Book Depot'),(3492,'131','Student'),(3500,'402','Student'),(3522,'86','Book Depot'),(3529,'145','Book Depot'),(3531,'294','Book Depot'),(3535,'421','Student'),(3549,'456','Student'),(3578,'451','Book Depot'),(3579,'457','Student'),(3588,'199','Book Depot'),(3594,'77','Student'),(3634,'41','Student'),(3695,'248','Student'),(3718,'2','Student'),(3725,'168','Book Depot'),(3785,'183','Book Depot'),(3854,'343','Student'),(3858,'334','Book Depot'),(3868,'184','Student'),(3870,'26','Book Depot'),(3877,'240','Student'),(3878,'492','Book Depot'),(3950,'182','Book Depot'),(3955,'433','Student'),(3972,'439','Student'),(3973,'31','Student'),(4073,'61','Book Depot'),(4090,'121','Student'),(4109,'314','Student'),(4115,'227','Student'),(4122,'98','Student'),(4263,'208','Student'),(4289,'241','Book Depot'),(4335,'67','Student'),(4349,'481','Student'),(4362,'324','Book Depot'),(4394,'326','Student'),(4460,'483','Book Depot'),(4475,'318','Student'),(4485,'420','Book Depot'),(4522,'388','Book Depot'),(4524,'447','Book Depot'),(4531,'466','Student'),(4538,'327','Book Depot'),(4559,'302','Student'),(4588,'226','Book Depot'),(4612,'477','Student'),(4626,'274','Book Depot'),(4629,'358','Book Depot'),(4674,'423','Student'),(4681,'82','Student'),(4696,'256','Student'),(4705,'429','Book Depot'),(4727,'162','Book Depot'),(4743,'391','Student'),(4750,'22','Book Depot'),(4770,'224','Book Depot'),(4804,'190','Book Depot'),(4817,'328','Book Depot'),(4826,'124','Book Depot'),(4830,'270','Student'),(4846,'160','Student'),(4868,'305','Book Depot'),(4886,'212','Student'),(4898,'340','Student'),(4912,'122','Student'),(4920,'76','Student'),(4945,'187','Book Depot'),(4990,'322','Book Depot'),(4993,'94','Student'),(5000,'179','Student'),(5097,'205','Student'),(5102,'19','Student'),(5106,'228','Book Depot'),(5135,'51','Book Depot'),(5161,'192','Book Depot'),(5176,'400','Student'),(5183,'194','Student'),(5186,'485','Book Depot'),(5210,'249','Book Depot'),(5295,'266','Book Depot'),(5332,'262','Student'),(5342,'148','Student'),(5347,'344','Book Depot'),(5375,'68','Student'),(5377,'106','Book Depot'),(5381,'432','Student'),(5415,'24','Book Depot'),(5458,'460','Book Depot'),(5460,'10','Student'),(5465,'247','Student'),(5475,'465','Book Depot'),(5477,'434','Student'),(5479,'90','Book Depot'),(5497,'219','Book Depot'),(5505,'377','Student'),(5520,'313','Book Depot'),(5526,'102','Student'),(5542,'331','Student'),(5557,'30','Student'),(5564,'428','Student'),(5583,'299','Book Depot'),(5634,'108','Book Depot'),(5640,'472','Book Depot'),(5689,'223','Book Depot'),(5708,'161','Student'),(5712,'197','Book Depot'),(5719,'71','Student'),(5722,'45','Book Depot'),(5728,'4','Student'),(5742,'486','Student'),(5781,'88','Book Depot'),(5806,'174','Book Depot'),(5831,'382','Book Depot'),(5835,'238','Book Depot'),(5837,'216','Book Depot'),(5847,'215','Book Depot'),(5891,'109','Student'),(5901,'203','Student'),(5906,'169','Student'),(5938,'482','Book Depot'),(5941,'361','Book Depot'),(5949,'207','Book Depot'),(5951,'277','Book Depot'),(5982,'8','Book Depot'),(5986,'283','Student'),(6039,'3','Book Depot'),(6053,'475','Book Depot'),(6061,'232','Student'),(6062,'435','Book Depot'),(6091,'78','Book Depot'),(6105,'453','Book Depot'),(6119,'416','Student'),(6120,'398','Book Depot'),(6153,'50','Student'),(6188,'155','Book Depot'),(6213,'127','Student'),(6260,'39','Book Depot'),(6272,'120','Book Depot'),(6277,'373','Book Depot'),(6280,'18','Book Depot'),(6296,'52','Student'),(6304,'341','Book Depot'),(6314,'172','Book Depot'),(6327,'379','Book Depot'),(6352,'239','Book Depot'),(6374,'273','Student'),(6375,'487','Student'),(6383,'152','Student'),(6400,'411','Student'),(6403,'42','Student'),(6439,'136','Student'),(6446,'116','Book Depot'),(6460,'38','Student'),(6464,'321','Student'),(6546,'149','Student'),(6549,'251','Student'),(6553,'393','Student'),(6567,'436','Book Depot'),(6568,'104','Student'),(6585,'450','Student'),(6654,'115','Student'),(6655,'469','Book Depot'),(6661,'202','Student'),(6700,'36','Student'),(6736,'425','Book Depot'),(6751,'437','Book Depot'),(6761,'417','Student'),(6772,'225','Student'),(6793,'413','Student'),(6802,'497','Student'),(6869,'339','Student'),(6873,'175','Student'),(6876,'310','Student'),(6881,'214','Student'),(6927,'63','Student'),(6931,'353','Student'),(6942,'306','Student'),(6977,'235','Book Depot'),(6992,'258','Student'),(6994,'244','Student'),(7018,'308','Book Depot'),(7022,'426','Book Depot'),(7038,'265','Book Depot'),(7062,'452','Student'),(7070,'301','Book Depot'),(7078,'291','Book Depot'),(7086,'268','Book Depot'),(7105,'408','Book Depot'),(7132,'401','Book Depot'),(7141,'176','Student'),(7163,'448','Student'),(7180,'118','Student'),(7226,'154','Book Depot'),(7229,'494','Student'),(7240,'380','Book Depot'),(7242,'267','Book Depot'),(7246,'129','Student'),(7248,'213','Student'),(7267,'186','Student'),(7274,'123','Book Depot'),(7284,'97','Book Depot'),(7302,'209','Book Depot'),(7325,'130','Book Depot'),(7367,'289','Book Depot'),(7464,'260','Student'),(7475,'478','Student'),(7484,'218','Student'),(7505,'499','Book Depot'),(7511,'257','Book Depot'),(7512,'150','Book Depot'),(7523,'312','Book Depot'),(7532,'395','Student'),(7561,'46','Book Depot'),(7566,'441','Student'),(7580,'366','Student'),(7594,'9','Book Depot'),(7622,'54','Book Depot'),(7684,'80','Book Depot'),(7686,'298','Book Depot'),(7689,'278','Book Depot'),(7690,'37','Student'),(7717,'144','Student'),(7730,'125','Student'),(7744,'43','Student'),(7751,'181','Student'),(7770,'59','Student'),(7779,'392','Student'),(7785,'464','Book Depot'),(7797,'295','Student'),(7798,'103','Book Depot'),(7807,'91','Book Depot'),(7815,'396','Student'),(7866,'293','Book Depot'),(7878,'449','Book Depot'),(7897,'347','Student'),(7929,'414','Student'),(7947,'462','Student'),(7951,'204','Book Depot'),(7984,'367','Student'),(7992,'399','Student'),(8030,'430','Book Depot'),(8043,'470','Book Depot'),(8046,'389','Book Depot'),(8048,'385','Student'),(8055,'491','Book Depot'),(8056,'177','Book Depot'),(8075,'406','Book Depot'),(8078,'17','Student'),(8110,'164','Book Depot'),(8141,'32','Student'),(8172,'14','Student'),(8178,'72','Book Depot'),(8195,'5','Book Depot'),(8213,'138','Student'),(8222,'233','Student'),(8237,'201','Student'),(8242,'65','Book Depot'),(8245,'29','Student'),(8259,'461','Book Depot'),(8264,'303','Book Depot'),(8267,'370','Student'),(8269,'167','Student'),(8285,'304','Book Depot'),(8316,'112','Book Depot'),(8344,'352','Student'),(8398,'390','Book Depot'),(8405,'356','Book Depot'),(8430,'394','Book Depot'),(8432,'290','Student'),(8433,'383','Book Depot'),(8450,'316','Student'),(8451,'48','Book Depot'),(8460,'119','Book Depot'),(8483,'95','Book Depot'),(8484,'206','Student'),(8486,'141','Student'),(8504,'362','Book Depot'),(8529,'193','Student'),(8555,'191','Student'),(8560,'84','Student'),(8569,'58','Book Depot'),(8606,'276','Student'),(8622,'196','Book Depot'),(8673,'253','Book Depot'),(8679,'7','Book Depot'),(8692,'147','Book Depot'),(8700,'35','Student'),(8708,'27','Student'),(8724,'271','Book Depot'),(8736,'93','Book Depot'),(8749,'128','Student'),(8770,'403','Book Depot'),(8802,'351','Student'),(8847,'365','Book Depot'),(8894,'250','Book Depot'),(8900,'422','Book Depot'),(8905,'92','Book Depot'),(8916,'210','Student'),(8935,'114','Student'),(8941,'73','Student'),(8957,'463','Student'),(8972,'473','Student'),(8994,'156','Book Depot'),(9017,'297','Book Depot'),(9022,'110','Student'),(9032,'369','Student'),(9056,'33','Book Depot'),(9071,'284','Book Depot'),(9090,'13','Book Depot'),(9115,'132','Student'),(9117,'44','Student'),(9138,'222','Student'),(9149,'490','Book Depot'),(9153,'188','Student'),(9165,'87','Student'),(9167,'64','Student'),(9196,'496','Student'),(9199,'11','Book Depot'),(9221,'246','Book Depot'),(9229,'135','Book Depot'),(9254,'357','Student'),(9282,'384','Student'),(9313,'419','Student'),(9318,'105','Student'),(9327,'99','Book Depot'),(9337,'89','Book Depot'),(9394,'467','Student'),(9408,'354','Book Depot'),(9431,'55','Book Depot'),(9494,'62','Book Depot'),(9502,'28','Book Depot'),(9543,'360','Student'),(9617,'140','Book Depot'),(9619,'348','Book Depot'),(9633,'474','Student'),(9691,'446','Student'),(9692,'381','Book Depot'),(9697,'245','Student'),(9702,'180','Book Depot'),(9725,'495','Book Depot'),(9742,'153','Book Depot'),(9791,'263','Student'),(9807,'287','Book Depot'),(9824,'113','Book Depot'),(9837,'243','Book Depot'),(9847,'12','Student'),(9850,'292','Student'),(9864,'157','Book Depot'),(9889,'57','Student'),(9903,'117','Book Depot'),(9920,'309','Book Depot'),(9955,'198','Student'),(9984,'378','Student'),(9998,'69','Book Depot');
/*!40000 ALTER TABLE `customers` ENABLE KEYS */;
UNLOCK TABLES;

--
-- Table structure for table `sales`
--

DROP TABLE IF EXISTS `sales`;
/*!40101 SET @saved_cs_client     = @@character_set_client */;
/*!50503 SET character_set_client = utf8mb4 */;
CREATE TABLE `sales` (
  `sale_id` int NOT NULL,
  `customer_id` int DEFAULT NULL,
  `book_id` int DEFAULT NULL,
  `sale_date` date DEFAULT NULL,
  `quantity` int DEFAULT NULL,
  PRIMARY KEY (`sale_id`),
  KEY `customer_id` (`customer_id`),
  KEY `book_id` (`book_id`),
  CONSTRAINT `sales_ibfk_1` FOREIGN KEY (`customer_id`) REFERENCES `customers` (`customer_id`),
  CONSTRAINT `sales_ibfk_2` FOREIGN KEY (`book_id`) REFERENCES `books` (`book_id`)
) ENGINE=InnoDB DEFAULT CHARSET=utf8mb4 COLLATE=utf8mb4_0900_ai_ci;
/*!40101 SET character_set_client = @saved_cs_client */;

--
-- Dumping data for table `sales`
--

LOCK TABLES `sales` WRITE;
/*!40000 ALTER TABLE `sales` DISABLE KEYS */;
INSERT INTO `sales` VALUES (5000,7690,9085,'2023-02-23',8),(5001,4743,4923,'2023-02-19',10),(5002,9619,6514,'2023-02-17',2),(5003,8237,4593,'2023-02-27',6),(5004,2902,7543,'2023-02-27',3),(5005,2143,3646,'2023-02-21',9),(5006,1423,1488,'2023-02-15',3),(5007,8847,8517,'2023-02-27',8),(5008,7038,2827,'2023-02-17',10),(5009,3579,9837,'2023-02-17',6),(5010,1744,6155,'2023-02-17',7),(5011,3001,6168,'2023-02-24',6),(5012,2479,3646,'2023-02-23',8),(5013,8504,2403,'2023-02-19',8),(5014,6761,4657,'2023-02-20',6),(5015,5347,3547,'2023-02-21',10),(5016,9864,2679,'2023-02-24',8),(5017,9229,3060,'2023-02-24',4),(5018,9032,4582,'2023-02-24',8),(5019,9165,6310,'2023-02-25',10),(5020,7815,9348,'2023-02-17',4),(5021,1653,2133,'2023-02-26',2),(5022,7284,4657,'2023-02-22',6),(5023,6881,1711,'2023-02-21',4),(5024,8916,4258,'2023-02-27',10),(5025,2816,8433,'2023-02-28',1),(5026,5941,6881,'2023-02-23',4),(5027,9807,9179,'2023-02-25',8),(5028,2775,3266,'2023-02-20',3),(5029,6977,1319,'2023-02-20',9),(5030,7751,3677,'2023-02-24',8),(5031,4122,2169,'2023-02-19',9),(5032,6383,6977,'2023-02-19',5),(5033,9543,2654,'2023-02-26',8),(5034,4727,5315,'2023-02-20',9),(5035,7475,5422,'2023-02-19',2),(5036,7866,6038,'2023-02-21',7),(5037,9313,3287,'2023-02-27',3),(5038,5342,1520,'2023-02-19',2),(5039,8056,9797,'2023-02-25',5),(5040,5831,5315,'2023-02-18',4),(5041,4674,2832,'2023-02-19',9),(5042,8405,7216,'2023-02-17',2),(5043,3001,4432,'2023-02-18',1),(5044,1258,9005,'2023-02-18',4),(5045,3870,7924,'2023-02-21',6),(5046,7984,8433,'2023-02-16',3),(5047,3718,4923,'2023-03-01',3),(5048,4263,1053,'2023-02-22',4),(5049,2874,1916,'2023-02-20',5),(5050,1046,9279,'2023-03-01',2),(5051,3129,2133,'2023-02-18',9),(5052,9984,7912,'2023-03-01',3),(5053,7248,6925,'2023-03-01',1),(5054,5564,2796,'2023-02-27',8),(5055,8483,4752,'2023-03-01',1),(5056,5728,6168,'2023-02-24',10),(5057,7622,8517,'2023-02-19',8),(5058,4817,6038,'2023-02-23',8),(5059,1861,2584,'2023-02-28',9),(5060,6352,7216,'2023-02-18',2),(5061,5906,3045,'2023-02-26',8),(5062,5542,9751,'2023-02-26',3),(5063,8679,3340,'2023-02-27',5),(5064,8432,4733,'2023-02-17',10),(5065,1100,3621,'2023-02-28',7),(5066,9791,9179,'2023-02-16',7),(5067,1258,3615,'2023-02-17',3),(5068,6994,4483,'2023-03-01',4),(5069,6039,5010,'2023-02-21',4),(5070,5106,8573,'2023-02-20',5),(5071,7686,2133,'2023-02-15',5),(5072,3858,8019,'2023-02-26',4),(5073,3973,6514,'2023-02-22',5),(5074,2527,3621,'2023-02-25',9),(5075,5640,2084,'2023-02-26',2),(5076,4538,1525,'2023-02-20',10),(5077,9824,8428,'2023-02-17',8),(5078,6091,2827,'2023-02-26',10),(5079,8555,7304,'2023-02-26',9),(5080,9394,8433,'2023-02-27',9),(5081,1982,5554,'2023-02-27',4),(5082,9619,4611,'2023-02-23',8),(5083,4830,8019,'2023-02-16',10),(5084,9889,9279,'2023-02-28',9),(5085,7947,7126,'2023-02-18',10),(5086,4626,1711,'2023-02-17',6),(5087,6751,1009,'2023-02-22',2),(5088,9619,4814,'2023-02-26',10),(5089,8894,1106,'2023-03-01',9),(5090,5106,4811,'2023-02-22',3),(5091,5332,7304,'2023-02-22',10),(5092,8245,2290,'2023-02-22',5),(5093,8267,3286,'2023-02-21',5),(5094,2697,2824,'2023-02-26',4),(5095,2622,9928,'2023-02-15',7),(5096,7141,1434,'2023-02-23',1),(5097,7475,4257,'2023-03-01',8),(5098,1653,1916,'2023-02-21',3),(5099,6553,2584,'2023-02-27',7),(5100,8555,9348,'2023-02-22',7),(5101,5161,4611,'2023-02-25',9),(5102,5375,5040,'2023-02-16',3),(5103,2035,1771,'2023-02-23',3),(5104,2323,6977,'2023-02-28',1),(5105,2874,3286,'2023-02-19',8),(5106,5347,6038,'2023-02-21',9),(5107,5183,3664,'2023-02-18',8),(5108,8056,8527,'2023-02-19',4),(5109,1897,3547,'2023-02-15',7),(5110,4109,4657,'2023-02-18',4),(5111,2494,7924,'2023-02-24',1),(5112,5106,2535,'2023-02-18',1),(5113,5097,2876,'2023-02-18',9),(5114,3434,4811,'2023-02-17',9),(5115,5342,7065,'2023-02-28',10),(5116,2480,9727,'2023-02-24',6),(5117,4090,7572,'2023-03-01',3),(5118,1243,1009,'2023-02-18',7),(5119,9742,5422,'2023-02-15',9),(5120,5186,5803,'2023-02-25',7),(5121,9071,2743,'2023-02-15',6),(5122,5938,9348,'2023-02-27',9),(5123,2480,7304,'2023-02-21',3),(5124,9742,3266,'2023-02-17',9),(5125,3165,4432,'2023-02-28',4),(5126,9742,6635,'2023-02-27',8),(5127,2864,4811,'2023-02-23',7),(5128,9725,7304,'2023-02-23',9),(5129,5375,2489,'2023-02-18',5),(5130,6568,7482,'2023-02-25',2),(5131,5640,6573,'2023-02-28',6),(5132,1601,2832,'2023-02-26',4),(5133,3870,8573,'2023-02-21',10),(5134,7018,1520,'2023-02-28',2),(5135,3369,2290,'2023-02-18',8),(5136,5377,8517,'2023-02-19',1),(5137,5634,1750,'2023-02-26',2),(5138,5831,5315,'2023-03-01',4),(5139,8405,4814,'2023-02-21',4),(5140,1609,4483,'2023-02-27',5),(5141,5183,3591,'2023-02-23',6),(5142,9864,5010,'2023-02-20',9),(5143,3578,5889,'2023-02-22',2),(5144,6400,8433,'2023-02-27',6),(5145,2864,4814,'2023-02-20',6),(5146,2747,1488,'2023-02-24',4),(5147,6327,5333,'2023-02-15',5),(5148,5986,3103,'2023-02-24',7),(5149,2315,8527,'2023-02-18',6),(5150,9903,9348,'2023-02-24',4),(5151,3306,4923,'2023-02-25',6),(5152,3492,9317,'2023-02-26',8),(5153,6977,2291,'2023-02-26',6),(5154,3522,6881,'2023-02-26',9),(5155,8894,2139,'2023-03-01',9),(5156,4817,9279,'2023-02-23',1),(5157,4705,7873,'2023-02-28',1),(5158,4743,1409,'2023-02-21',3),(5159,1430,7065,'2023-02-16',3),(5160,5728,5554,'2023-02-23',8),(5161,8555,9279,'2023-02-24',10),(5162,9394,9201,'2023-02-25',8),(5163,5982,1409,'2023-02-23',9),(5164,8916,5012,'2023-02-15',9),(5165,9032,5422,'2023-02-23',5),(5166,5982,4258,'2023-02-28',7),(5167,3002,6925,'2023-02-16',2),(5168,7086,1711,'2023-02-18',4),(5169,2501,6310,'2023-02-19',6),(5170,6439,2796,'2023-02-16',6),(5171,8055,3621,'2023-02-22',10),(5172,4826,6977,'2023-02-19',2),(5173,3858,2424,'2023-02-16',7),(5174,5183,3266,'2023-02-23',8),(5175,9502,5506,'2023-02-26',3),(5176,6403,5889,'2023-02-28',7),(5177,1046,7482,'2023-02-24',2),(5178,1815,9005,'2023-03-01',1),(5179,9903,7227,'2023-03-01',10),(5180,9837,7216,'2023-02-15',2),(5181,2041,4598,'2023-03-01',9),(5182,3222,2424,'2023-02-17',6),(5183,5982,2654,'2023-02-24',3),(5184,8048,2796,'2023-03-01',2),(5185,9742,3045,'2023-02-24',4),(5186,8432,2489,'2023-02-25',9),(5187,5906,9085,'2023-02-27',3),(5188,2099,4611,'2023-02-23',6),(5189,8708,7924,'2023-02-21',4),(5190,4705,7873,'2023-02-20',10),(5191,6553,2796,'2023-02-27',6),(5192,2317,7216,'2023-02-27',8),(5193,6549,3664,'2023-02-20',9),(5194,4349,3266,'2023-02-21',3),(5195,9619,3103,'2023-02-25',7),(5196,7744,1525,'2023-02-27',4),(5197,8847,9928,'2023-02-16',5),(5198,6091,9348,'2023-02-26',3),(5199,9984,2489,'2023-02-20',6),(5200,7622,1106,'2023-02-15',5),(5201,4115,8019,'2023-02-27',5),(5202,6296,7224,'2023-02-16',3),(5203,1132,5371,'2023-02-23',9),(5204,5332,7916,'2023-02-16',1),(5205,5722,9830,'2023-02-23',2),(5206,4868,9179,'2023-02-28',7),(5207,3037,4752,'2023-02-21',7),(5208,6120,8359,'2023-02-26',9),(5209,8957,5374,'2023-02-24',9),(5210,3522,9348,'2023-02-17',3),(5211,2644,7572,'2023-02-19',8),(5212,2989,1434,'2023-02-17',7),(5213,8486,7252,'2023-02-19',8),(5214,5176,7873,'2023-02-20',5),(5215,4460,2169,'2023-02-26',8),(5216,8285,5741,'2023-02-22',2),(5217,9998,7572,'2023-02-15',7),(5218,1474,9348,'2023-02-27',6),(5219,6772,8517,'2023-02-21',10),(5220,9998,6168,'2023-02-20',10),(5221,5186,2307,'2023-02-22',6),(5222,5479,2796,'2023-02-20',5),(5223,3067,9317,'2023-02-24',4),(5224,2646,3266,'2023-02-19',7),(5225,7267,4527,'2023-03-01',10),(5226,5526,6038,'2023-02-17',9),(5227,9090,8123,'2023-02-26',4),(5228,4770,4752,'2023-02-28',2),(5229,9313,7916,'2023-02-25',8),(5230,5719,7572,'2023-02-18',5),(5231,3159,8527,'2023-02-26',7),(5232,2099,3266,'2023-02-16',8),(5233,6942,5315,'2023-02-24',7),(5234,6374,7126,'2023-03-01',7),(5235,7689,7912,'2023-02-27',6),(5236,1710,2832,'2023-02-24',2),(5237,9431,2169,'2023-02-25',6),(5238,2924,1488,'2023-02-24',7),(5239,9725,7482,'2023-02-27',7),(5240,7622,5506,'2023-02-16',5),(5241,9824,3646,'2023-02-26',9),(5242,2902,3060,'2023-02-26',10),(5243,9824,5371,'2023-02-20',7),(5244,2476,4258,'2023-02-17',6),(5245,9847,9201,'2023-02-16',5),(5246,4886,8359,'2023-02-16',3),(5247,3385,2084,'2023-02-20',8),(5248,7132,4814,'2023-02-23',8),(5249,3385,1053,'2023-02-16',8),(5250,9032,6573,'2023-02-20',2),(5251,9742,1488,'2023-02-27',2),(5252,9199,5339,'2023-02-25',2),(5253,3076,7201,'2023-03-01',4),(5254,3024,5803,'2023-02-23',3),(5255,5906,2290,'2023-02-21',8),(5256,7180,3621,'2023-02-25',3),(5257,8483,5119,'2023-02-21',1),(5258,5505,5741,'2023-02-22',10),(5259,5497,2489,'2023-02-15',4),(5260,9318,4598,'2023-02-27',2),(5261,7797,6574,'2023-02-27',9),(5262,8483,7543,'2023-02-20',4),(5263,1546,4527,'2023-02-19',8),(5264,4830,4456,'2023-02-24',7),(5265,7523,1771,'2023-02-24',2),(5266,3385,9830,'2023-02-28',8),(5267,8450,5803,'2023-02-28',5),(5268,8043,8359,'2023-02-25',3),(5269,4846,6514,'2023-02-18',5),(5270,7770,4150,'2023-02-20',3),(5271,1228,2489,'2023-02-21',10),(5272,3146,9727,'2023-02-21',7),(5273,8483,3927,'2023-02-25',9),(5274,2786,5803,'2023-02-23',3),(5275,8894,1916,'2023-02-17',3),(5276,5708,6573,'2023-02-24',1),(5277,3324,5304,'2023-02-15',8),(5278,9998,4733,'2023-02-28',7),(5279,3116,2290,'2023-02-23',8),(5280,7302,9317,'2023-02-21',8),(5281,8894,7201,'2023-02-16',10),(5282,2317,8428,'2023-02-19',1),(5283,9617,6977,'2023-02-23',5),(5284,3522,5808,'2023-02-24',8),(5285,1742,3646,'2023-02-16',10),(5286,8569,8573,'2023-02-27',9),(5287,3535,7543,'2023-02-23',1),(5288,8046,2876,'2023-02-23',4),(5289,1359,6574,'2023-02-26',4),(5290,6383,2424,'2023-02-22',5),(5291,3385,5557,'2023-02-22',2),(5292,2557,6820,'2023-02-18',10),(5293,8344,5040,'2023-02-28',10),(5294,3063,9669,'2023-02-17',10),(5295,5719,4814,'2023-02-28',4),(5296,3002,9279,'2023-02-24',6),(5297,1410,4598,'2023-02-24',9),(5298,3522,4483,'2023-02-26',5),(5299,5342,2133,'2023-02-19',9),(5300,5458,3615,'2023-02-17',7),(5301,8043,9279,'2023-02-19',3),(5302,1710,7224,'2023-02-18',3),(5303,1996,4483,'2023-02-28',4),(5304,8046,1771,'2023-02-22',3),(5305,7797,8573,'2023-02-25',7),(5306,5161,6573,'2023-02-16',2),(5307,8484,9837,'2023-02-26',5),(5308,2786,6930,'2023-02-22',8),(5309,8269,3060,'2023-02-15',2),(5310,3430,5808,'2023-02-25',6),(5311,6062,1434,'2023-02-27',9),(5312,5901,5554,'2023-02-21',4),(5313,8673,8573,'2023-02-20',5),(5314,6314,4923,'2023-02-24',3),(5315,7367,3927,'2023-02-27',6),(5316,3579,2535,'2023-02-15',2),(5317,1828,5808,'2023-02-15',2),(5318,6053,9785,'2023-02-22',8),(5319,2169,9669,'2023-02-18',3),(5320,3578,7572,'2023-02-17',5),(5321,1601,8019,'2023-02-19',2),(5322,4804,7201,'2023-02-15',7),(5323,1828,5386,'2023-02-26',4),(5324,5497,1106,'2023-02-26',2),(5325,2169,7227,'2023-02-22',2),(5326,4335,6977,'2023-02-23',8),(5327,5728,5506,'2023-02-26',6),(5328,2697,6514,'2023-02-28',7),(5329,2786,7224,'2023-02-22',2),(5330,9903,9085,'2023-02-16',2),(5331,6296,4456,'2023-02-20',5),(5332,3146,9348,'2023-02-27',3),(5333,4817,6635,'2023-02-16',9),(5334,3222,5506,'2023-02-24',3),(5335,6772,5040,'2023-02-26',4),(5336,6464,1711,'2023-03-01',7),(5337,3001,9797,'2023-02-28',4),(5338,9117,7924,'2023-02-17',2),(5339,7070,9085,'2023-02-20',7),(5340,5708,6881,'2023-02-18',5),(5341,1046,8359,'2023-02-18',9),(5342,2627,6313,'2023-02-27',1),(5343,5477,7572,'2023-02-18',9),(5344,6876,3646,'2023-02-18',7),(5345,2315,4582,'2023-02-27',4),(5346,8673,9085,'2023-02-16',4),(5347,3306,9928,'2023-02-23',1),(5348,3868,6155,'2023-02-17',7),(5349,3347,8962,'2023-02-21',6),(5350,2911,5803,'2023-02-27',8),(5351,2965,9928,'2023-02-15',10),(5352,2494,5012,'2023-02-19',4),(5353,1423,9279,'2023-02-27',7),(5354,2479,1916,'2023-02-25',9),(5355,7779,7304,'2023-02-21',7),(5356,6403,2832,'2023-02-23',10),(5357,6091,4598,'2023-02-16',5),(5358,2713,3646,'2023-03-01',4),(5359,2180,8527,'2023-02-23',6),(5360,2210,1434,'2023-02-19',7),(5361,6277,4432,'2023-02-15',4),(5362,9117,1188,'2023-02-16',8),(5363,5520,4811,'2023-02-19',3),(5364,4073,5012,'2023-02-26',3),(5365,1710,5506,'2023-02-17',8),(5366,6375,3287,'2023-02-23',9),(5367,5176,5010,'2023-02-17',6),(5368,9167,8573,'2023-02-26',2),(5369,8430,9935,'2023-02-20',7),(5370,2633,6310,'2023-02-16',5),(5371,1996,9727,'2023-02-25',2),(5372,2233,2827,'2023-02-23',6),(5373,9502,5889,'2023-02-28',10),(5374,2924,6930,'2023-02-17',5),(5375,7532,6574,'2023-03-01',10),(5376,1858,4527,'2023-02-18',9),(5377,1977,1488,'2023-02-28',1),(5378,7730,1488,'2023-02-22',6),(5379,8622,1711,'2023-02-17',1),(5380,5986,7252,'2023-02-18',6),(5381,6213,7304,'2023-03-01',6),(5382,8213,7873,'2023-02-24',6),(5383,4073,4258,'2023-02-25',1),(5384,7807,6977,'2023-02-27',9),(5385,1339,3504,'2023-02-16',8),(5386,3324,6313,'2023-02-27',5),(5387,8269,5557,'2023-02-23',8),(5388,5728,6930,'2023-02-18',5),(5389,3222,7572,'2023-02-26',10),(5390,4826,8123,'2023-02-20',10),(5391,6802,2743,'2023-02-27',4),(5392,2076,6038,'2023-02-27',4),(5393,3594,1409,'2023-03-01',7),(5394,9847,7065,'2023-02-23',6),(5395,2124,5506,'2023-02-20',1),(5396,4522,3266,'2023-02-28',5),(5397,2899,4814,'2023-02-23',4),(5398,6881,9317,'2023-02-15',3),(5399,1996,4598,'2023-02-16',1),(5400,2816,7065,'2023-03-01',9),(5401,2747,4593,'2023-02-22',2),(5402,9017,3615,'2023-02-23',3),(5403,4394,1771,'2023-02-16',10),(5404,8432,9279,'2023-02-21',3),(5405,4090,4752,'2023-02-19',6),(5406,9633,1771,'2023-02-26',6),(5407,4727,6573,'2023-02-19',4),(5408,6460,2307,'2023-02-17',10),(5409,9431,8527,'2023-02-16',3),(5410,2591,3591,'2023-02-20',7),(5411,4073,2832,'2023-02-20',4),(5412,1645,5386,'2023-02-22',5),(5413,6567,6514,'2023-02-16',3),(5414,6793,7572,'2023-02-28',10),(5415,1423,5554,'2023-02-28',6),(5416,1472,1106,'2023-02-26',4),(5417,9725,5304,'2023-02-21',9),(5418,1659,6168,'2023-02-19',3),(5419,2317,3621,'2023-02-28',8),(5420,9071,4923,'2023-02-18',2),(5421,3153,6574,'2023-02-27',3),(5422,9494,5012,'2023-02-15',4),(5423,1845,5741,'2023-02-28',7),(5424,4804,8359,'2023-02-24',10),(5425,9115,7873,'2023-02-15',2),(5426,2143,9797,'2023-02-27',3),(5427,1601,7482,'2023-02-16',1),(5428,5938,8123,'2023-02-15',3),(5429,8972,2133,'2023-02-21',7),(5430,2233,9935,'2023-02-21',7),(5431,5781,9830,'2023-02-18',3),(5432,9617,4598,'2023-02-22',3),(5433,8078,5374,'2023-02-25',5),(5434,3306,2040,'2023-03-01',9),(5435,9697,9279,'2023-02-16',5),(5436,8622,6881,'2023-02-21',4),(5437,3417,6310,'2023-02-18',9),(5438,8075,4657,'2023-02-21',6),(5439,9697,6038,'2023-02-27',8),(5440,7141,2403,'2023-02-23',6),(5441,9955,7216,'2023-02-17',1),(5442,2480,8428,'2023-02-15',5),(5443,8245,8433,'2023-02-23',6),(5444,7779,3103,'2023-02-18',3),(5445,5135,2169,'2023-02-25',4),(5446,6439,1319,'2023-02-28',1),(5447,4743,8428,'2023-02-24',7),(5448,7751,5803,'2023-02-17',4),(5449,8264,6155,'2023-02-27',6),(5450,9394,9935,'2023-02-26',6),(5451,5186,8962,'2023-02-24',3),(5452,3222,1750,'2023-02-28',8),(5453,5951,2084,'2023-02-17',8),(5454,5102,1106,'2023-02-15',4),(5455,7018,8428,'2023-02-15',9),(5456,6994,2824,'2023-02-20',10),(5457,7798,7224,'2023-02-20',3),(5458,8043,4483,'2023-02-15',1),(5459,1472,6635,'2023-02-27',2),(5460,3955,6310,'2023-02-28',6),(5461,8055,9928,'2023-02-20',7),(5462,1536,7924,'2023-02-20',5),(5463,2612,2584,'2023-02-17',7),(5464,2398,3927,'2023-02-25',6),(5465,9337,2290,'2023-02-26',10),(5466,3500,5304,'2023-02-18',10),(5467,6761,5803,'2023-02-21',5),(5468,2076,1525,'2023-02-17',3),(5469,6277,2824,'2023-02-26',10),(5470,2210,8962,'2023-02-15',3),(5471,7018,6155,'2023-03-01',10),(5472,9824,2403,'2023-02-16',8),(5473,8178,7482,'2023-02-26',2),(5474,4090,3287,'2023-02-20',3),(5475,2124,5557,'2023-02-28',6),(5476,5106,5506,'2023-02-19',4),(5477,6213,4257,'2023-02-20',5),(5478,3500,5552,'2023-02-26',1),(5479,5415,9085,'2023-02-22',7),(5480,9196,7201,'2023-03-01',7),(5481,2886,3266,'2023-02-20',9),(5482,5161,7924,'2023-02-28',8),(5483,8770,9727,'2023-02-25',4),(5484,2858,6573,'2023-02-16',1),(5485,7512,3286,'2023-02-20',5),(5486,6375,6574,'2023-02-16',6),(5487,9165,3266,'2023-02-17',2),(5488,3290,1106,'2023-02-20',10),(5489,4109,9201,'2023-02-26',1),(5490,1132,7201,'2023-02-24',7),(5491,7684,4582,'2023-02-16',6),(5492,9318,1750,'2023-02-21',9),(5493,9032,6947,'2023-02-19',5),(5494,6383,6820,'2023-02-16',1),(5495,8237,2133,'2023-02-23',8),(5496,6091,4582,'2023-02-20',1),(5497,7484,5557,'2023-02-19',10),(5498,9697,2307,'2023-02-16',1),(5499,9318,2291,'2023-02-25',5),(5500,3634,1053,'2023-02-28',2),(5501,9864,2796,'2023-02-22',8),(5502,1815,3677,'2023-02-16',9),(5503,9955,2139,'2023-02-20',7),(5504,3344,2139,'2023-02-22',1),(5505,3068,2876,'2023-02-22',5),(5506,6654,8573,'2023-02-24',1),(5507,3594,3615,'2023-02-16',6),(5508,6793,6947,'2023-02-21',10),(5509,6446,1949,'2023-02-15',7),(5510,9313,1009,'2023-02-21',9),(5511,8802,1053,'2023-02-24',4),(5512,9837,6168,'2023-02-16',7),(5513,7947,2424,'2023-02-23',10),(5514,8259,9689,'2023-02-27',10),(5515,3076,5333,'2023-02-16',8),(5516,5781,7201,'2023-02-18',4),(5517,9167,1520,'2023-02-21',2),(5518,2862,1188,'2023-02-18',3),(5519,2882,5010,'2023-02-20',2),(5520,9117,2489,'2023-02-23',7),(5521,1609,9179,'2023-02-28',5),(5522,5295,5808,'2023-03-01',1),(5523,3500,1009,'2023-02-27',7),(5524,9889,7304,'2023-02-17',3),(5525,8432,3103,'2023-02-27',2),(5526,8972,5552,'2023-02-24',2),(5527,3500,1916,'2023-02-28',9),(5528,6585,3287,'2023-03-01',7),(5529,9229,9085,'2023-02-25',8),(5530,9850,1053,'2023-02-15',3),(5531,8486,3621,'2023-02-17',10),(5532,1992,3504,'2023-02-15',7),(5533,1861,7482,'2023-02-26',4),(5534,1659,1053,'2023-03-01',5),(5535,2336,4593,'2023-02-15',6),(5536,2697,7572,'2023-02-19',5),(5537,1430,9317,'2023-02-28',2),(5538,6802,3664,'2023-02-17',5),(5539,2180,9797,'2023-02-27',6),(5540,2644,7304,'2023-02-24',2),(5541,3369,9797,'2023-02-18',7),(5542,6327,3927,'2023-02-27',9),(5543,1502,4593,'2023-02-28',1),(5544,9791,9785,'2023-02-16',5),(5545,1510,7126,'2023-02-21',3),(5546,7992,6310,'2023-03-01',10),(5547,8172,5803,'2023-02-18',4),(5548,5564,4811,'2023-02-18',1),(5549,8222,2535,'2023-03-01',6),(5550,9543,5741,'2023-02-19',6),(5551,3535,8123,'2023-02-23',7),(5552,2124,2674,'2023-02-25',1),(5553,7274,4593,'2023-02-22',10),(5554,5106,6925,'2023-02-28',8),(5555,1536,1949,'2023-02-20',6),(5556,2858,5010,'2023-02-26',2),(5557,3529,9935,'2023-02-21',1),(5558,2858,2133,'2023-02-27',4),(5559,1100,8428,'2023-02-25',4),(5560,3076,4814,'2023-02-19',7),(5561,5332,3286,'2023-02-28',1),(5562,3165,7224,'2023-02-25',3),(5563,2627,5506,'2023-02-18',5),(5564,1992,5386,'2023-02-26',5),(5565,5837,3266,'2023-02-28',6),(5566,6977,3803,'2023-02-18',8),(5567,7226,1009,'2023-02-28',10),(5568,5901,3103,'2023-02-16',1),(5569,1228,4593,'2023-02-23',10),(5570,1992,6313,'2023-02-19',2),(5571,9221,1434,'2023-02-20',5),(5572,4538,9179,'2023-02-28',5),(5573,1606,6168,'2023-02-18',3),(5574,3024,4432,'2023-03-01',1),(5575,3002,3621,'2023-02-25',6),(5576,9619,6881,'2023-02-26',1),(5577,2801,5889,'2023-02-19',5),(5578,7785,7252,'2023-02-21',7),(5579,5505,7912,'2023-02-24',10),(5580,6761,1750,'2023-02-20',4),(5581,8802,1319,'2023-02-25',8),(5582,7785,5304,'2023-02-23',5),(5583,5381,2291,'2023-02-28',9),(5584,8905,1525,'2023-02-16',8),(5585,8242,5010,'2023-02-26',9),(5586,8398,4150,'2023-02-25',6),(5587,2801,5557,'2023-02-18',6),(5588,8935,5386,'2023-02-21',6),(5589,4804,5010,'2023-02-24',5),(5590,2476,6514,'2023-02-22',1),(5591,3324,3103,'2023-02-24',10),(5592,6700,8433,'2023-03-01',4),(5593,4696,6514,'2023-02-28',7),(5594,8724,6168,'2023-02-21',1),(5595,2503,1711,'2023-02-17',4),(5596,6873,7916,'2023-02-24',8),(5597,8941,4456,'2023-02-28',3),(5598,6120,4611,'2023-02-22',6),(5599,3063,6925,'2023-02-20',1),(5600,3718,6573,'2023-02-19',4),(5601,8046,2291,'2023-02-24',3),(5602,8894,5557,'2023-02-17',10),(5603,9138,9669,'2023-02-21',7),(5604,7229,5315,'2023-02-21',1),(5605,5102,1319,'2023-02-18',6),(5606,5742,5012,'2023-03-01',6),(5607,2874,9005,'2023-02-18',1),(5608,3076,1409,'2023-02-25',4),(5609,6654,3287,'2023-02-19',3),(5610,6296,9085,'2023-02-23',10),(5611,8994,7201,'2023-02-16',1),(5612,6383,4752,'2023-02-22',9),(5613,4868,6310,'2023-02-20',7),(5614,2391,2584,'2023-02-20',8),(5615,3785,1750,'2023-02-17',7),(5616,7594,3664,'2023-02-18',3),(5617,5634,3286,'2023-02-24',9),(5618,3522,2674,'2023-02-20',1),(5619,5161,9751,'2023-02-27',9),(5620,1349,2535,'2023-02-24',1),(5621,1243,5552,'2023-02-25',1),(5622,5415,4527,'2023-02-21',8),(5623,5183,2674,'2023-02-23',5),(5624,3165,8527,'2023-02-18',1),(5625,7226,7252,'2023-02-25',2),(5626,6869,1009,'2023-02-19',10),(5627,6876,6881,'2023-02-21',2),(5628,1228,6514,'2023-02-19',2),(5629,7132,5552,'2023-02-22',4),(5630,1992,2307,'2023-02-27',5),(5631,6736,1009,'2023-02-18',6),(5632,9543,7916,'2023-02-19',3),(5633,1423,4923,'2023-02-22',4),(5634,8344,9201,'2023-02-20',4),(5635,1977,5012,'2023-02-25',2),(5636,7785,3547,'2023-02-28',10),(5637,1258,2743,'2023-02-17',2),(5638,7992,3646,'2023-02-16',2),(5639,8957,9751,'2023-02-25',4),(5640,8222,1525,'2023-02-19',8),(5641,1659,7924,'2023-02-28',3),(5642,4524,1520,'2023-02-28',5),(5643,3868,4456,'2023-02-21',2),(5644,8451,1488,'2023-02-15',3),(5645,6869,2291,'2023-02-20',6),(5646,3579,2876,'2023-02-24',5),(5647,7878,1106,'2023-02-20',6),(5648,8736,4527,'2023-02-21',7),(5649,3878,2827,'2023-02-19',7),(5650,6931,5315,'2023-02-27',7),(5651,3370,7201,'2023-02-16',3),(5652,8405,9279,'2023-02-28',3),(5653,2899,7304,'2023-03-01',10),(5654,5465,8962,'2023-02-25',8),(5655,8905,9348,'2023-02-27',6),(5656,5520,9935,'2023-02-28',3),(5657,5465,3927,'2023-02-16',7),(5658,6772,1488,'2023-02-16',5),(5659,2801,4456,'2023-02-15',9),(5660,7779,9727,'2023-02-26',10),(5661,8935,3340,'2023-02-23',9),(5662,8344,3615,'2023-02-21',4),(5663,9221,3287,'2023-02-25',7),(5664,4920,4946,'2023-03-01',10),(5665,8708,5506,'2023-02-25',3),(5666,6992,8433,'2023-02-28',8),(5667,2503,7201,'2023-02-16',8),(5668,8110,4432,'2023-02-20',5),(5669,1659,7126,'2023-02-18',9),(5670,3417,3266,'2023-02-21',4),(5671,2713,5808,'2023-02-22',10),(5672,3240,5557,'2023-02-28',8),(5673,5106,4456,'2023-02-16',8),(5674,9692,4657,'2023-02-16',7),(5675,2747,7912,'2023-02-23',9),(5676,2169,1106,'2023-02-27',10),(5677,3116,7572,'2023-03-01',9),(5678,9807,4814,'2023-02-25',8),(5679,5742,5339,'2023-02-20',1),(5680,2697,6977,'2023-02-28',8),(5681,5906,2290,'2023-02-27',10),(5682,2627,1053,'2023-02-26',6),(5683,7580,6573,'2023-02-16',2),(5684,4522,8428,'2023-02-15',6),(5685,7751,4752,'2023-02-23',9),(5686,8555,5552,'2023-02-15',3),(5687,2886,6881,'2023-02-28',7),(5688,7622,9751,'2023-02-24',4),(5689,3369,6514,'2023-03-01',7),(5690,9022,5808,'2023-02-28',4),(5691,7580,3340,'2023-02-16',7),(5692,1339,2674,'2023-02-27',8),(5693,1546,7126,'2023-02-17',8),(5694,3718,9005,'2023-02-26',1),(5695,5986,5119,'2023-02-28',10),(5696,5465,3646,'2023-02-27',3),(5697,9408,3060,'2023-02-17',3),(5698,2899,2489,'2023-02-25',10),(5699,6876,4483,'2023-02-23',7),(5700,6881,2169,'2023-02-19',7),(5701,3116,5339,'2023-02-19',8),(5702,3002,2584,'2023-02-17',7),(5703,7018,9837,'2023-02-19',9),(5704,3347,4456,'2023-02-26',9),(5705,3063,5554,'2023-02-18',4),(5706,1349,4752,'2023-02-25',6),(5707,2816,7224,'2023-02-26',3),(5708,7511,6947,'2023-02-26',6),(5709,1510,4527,'2023-02-27',6),(5710,9807,5315,'2023-02-24',10),(5711,5938,7304,'2023-02-25',9),(5712,2225,8668,'2023-02-27',1),(5713,7242,5552,'2023-02-15',7),(5714,2989,4582,'2023-02-25',1),(5715,5526,8573,'2023-02-27',3),(5716,2225,3803,'2023-02-17',1),(5717,6931,1525,'2023-02-18',9),(5718,1653,5304,'2023-02-28',8),(5719,6296,2290,'2023-02-28',4),(5720,7240,2290,'2023-02-21',4),(5721,1228,1916,'2023-02-26',1),(5722,9633,9348,'2023-02-21',7),(5723,1126,4456,'2023-02-23',1),(5724,3037,3803,'2023-02-18',10),(5725,1502,9797,'2023-02-28',4),(5726,4531,6930,'2023-02-27',10),(5727,2911,5741,'2023-02-27',4),(5728,7512,5371,'2023-02-17',2),(5729,8483,5803,'2023-02-26',9),(5730,4073,3266,'2023-02-15',7),(5731,1251,4946,'2023-02-19',3),(5732,4681,3103,'2023-02-28',5),(5733,3718,7482,'2023-02-22',3),(5734,1423,8527,'2023-03-01',6),(5735,4868,4582,'2023-02-27',10),(5736,1430,7572,'2023-02-22',10),(5737,1742,5304,'2023-02-16',6),(5738,2775,8428,'2023-02-17',9),(5739,2494,7126,'2023-02-17',7),(5740,7689,2832,'2023-02-21',2),(5741,3385,8428,'2023-03-01',4),(5742,6869,7482,'2023-02-20',6),(5743,7512,5554,'2023-02-27',10),(5744,8724,1053,'2023-02-23',1),(5745,8569,3287,'2023-02-22',4),(5746,8957,5374,'2023-02-15',6),(5747,1153,4527,'2023-02-21',5),(5748,8606,6313,'2023-02-15',9),(5749,4485,4593,'2023-02-23',9),(5750,5106,3927,'2023-02-15',5),(5751,2336,4733,'2023-02-20',9),(5752,6403,3615,'2023-02-17',9),(5753,6374,1409,'2023-02-25',2),(5754,1042,7227,'2023-02-28',7),(5755,2882,6574,'2023-02-18',9),(5756,2773,1188,'2023-02-25',2),(5757,5831,8527,'2023-02-15',8),(5758,7984,7482,'2023-02-15',2),(5759,7690,4582,'2023-02-17',5),(5760,2902,9928,'2023-02-24',4),(5761,4531,5010,'2023-02-21',7),(5762,2591,3621,'2023-02-21',6),(5763,5982,2489,'2023-02-25',2),(5764,6374,1409,'2023-02-25',10),(5765,8141,3103,'2023-02-15',2),(5766,3785,4258,'2023-02-16',5),(5767,3500,7572,'2023-02-24',2),(5768,7717,2876,'2023-02-21',7),(5769,4485,9935,'2023-02-22',3),(5770,6374,8428,'2023-02-17',7),(5771,2582,6038,'2023-02-19',3),(5772,6383,4593,'2023-02-15',9),(5773,4524,4946,'2023-02-17',2),(5774,2496,1409,'2023-02-24',10),(5775,8237,2832,'2023-02-23',2),(5776,8994,2654,'2023-02-26',6),(5777,5634,2040,'2023-03-01',9),(5778,8178,3045,'2023-02-17',4),(5779,3001,3803,'2023-02-18',2),(5780,8905,8962,'2023-02-28',1),(5781,6062,4923,'2023-02-22',9),(5782,7690,4752,'2023-02-25',2),(5783,8749,7924,'2023-02-18',10),(5784,5210,7482,'2023-02-20',3),(5785,3854,6820,'2023-02-16',5),(5786,2501,4257,'2023-03-01',4),(5787,4727,3927,'2023-02-22',6),(5788,3001,5386,'2023-02-26',10),(5789,6091,2403,'2023-02-24',6),(5790,6793,4456,'2023-02-21',3),(5791,3718,4456,'2023-02-18',4),(5792,1996,1188,'2023-02-19',6),(5793,5375,7482,'2023-03-01',8),(5794,3153,5371,'2023-02-20',5),(5795,5210,1949,'2023-02-16',3),(5796,1046,4611,'2023-02-28',5),(5797,3972,6881,'2023-03-01',9),(5798,3236,3677,'2023-02-26',2),(5799,2323,7873,'2023-03-01',1),(5800,5477,7126,'2023-02-25',1),(5801,6119,3060,'2023-02-24',7),(5802,6553,7227,'2023-03-01',1),(5803,1609,5010,'2023-02-23',9),(5804,4289,1711,'2023-02-20',7),(5805,8935,4752,'2023-02-17',8),(5806,4696,3646,'2023-02-16',7),(5807,7267,4258,'2023-02-15',4),(5808,5477,7201,'2023-02-27',9),(5809,5719,5371,'2023-02-17',3),(5810,7367,2403,'2023-02-25',3),(5811,3067,9201,'2023-02-20',1),(5812,8316,3927,'2023-02-18',2),(5813,9229,6930,'2023-02-18',1),(5814,1258,4814,'2023-02-23',6),(5815,9955,8433,'2023-03-01',8),(5816,3578,1488,'2023-02-15',6),(5817,6296,1009,'2023-02-25',5),(5818,2882,3677,'2023-02-24',9),(5819,7078,5803,'2023-02-21',7),(5820,4945,7873,'2023-02-23',5),(5821,5161,6977,'2023-02-23',7),(5822,9702,3287,'2023-02-22',8),(5823,2391,1409,'2023-02-23',3),(5824,6772,7201,'2023-02-18',2),(5825,9791,4598,'2023-02-18',3),(5826,8483,9785,'2023-02-20',10),(5827,7984,6514,'2023-02-25',4),(5828,4886,7482,'2023-02-26',2),(5829,9221,5315,'2023-02-22',4),(5830,4559,3045,'2023-02-25',7),(5831,9199,5374,'2023-02-15',3),(5832,7866,3045,'2023-02-17',9),(5833,1423,2133,'2023-02-17',1),(5834,2924,5010,'2023-03-01',3),(5835,3024,3621,'2023-02-24',10),(5836,4394,4657,'2023-03-01',5),(5837,3248,8359,'2023-02-18',8),(5838,6876,8433,'2023-02-28',8),(5839,9165,8428,'2023-02-28',7),(5840,2627,6635,'2023-02-27',10),(5841,4485,4150,'2023-02-24',9),(5842,9229,7201,'2023-02-26',6),(5843,5640,2827,'2023-02-24',10),(5844,8700,3664,'2023-02-21',7),(5845,4335,5552,'2023-02-15',4),(5846,7242,7126,'2023-02-25',7),(5847,4674,1711,'2023-02-24',2),(5848,5479,1053,'2023-03-01',10),(5849,2627,7912,'2023-03-01',9),(5850,7511,6514,'2023-02-16',8),(5851,3159,7224,'2023-03-01',10),(5852,8606,2824,'2023-03-01',7),(5853,7242,7252,'2023-02-20',1),(5854,9254,9005,'2023-02-21',4),(5855,1125,9201,'2023-02-27',7),(5856,5000,9727,'2023-02-16',7),(5857,5375,9751,'2023-02-22',4),(5858,5475,8359,'2023-02-19',10),(5859,7163,6038,'2023-02-21',5),(5860,3369,1409,'2023-02-26',1),(5861,7797,1009,'2023-02-16',9),(5862,6039,3266,'2023-02-25',4),(5863,8344,4456,'2023-02-21',6),(5864,7622,8527,'2023-02-21',10),(5865,7246,5010,'2023-02-28',9),(5866,5837,2403,'2023-02-20',10),(5867,8486,2796,'2023-02-27',4),(5868,2747,1949,'2023-02-27',9),(5869,5465,6925,'2023-02-20',9),(5870,9071,9201,'2023-02-19',5),(5871,7797,3287,'2023-02-27',7),(5872,3067,6881,'2023-02-28',2),(5873,5831,3664,'2023-02-22',3),(5874,5135,7227,'2023-02-23',7),(5875,3500,3340,'2023-02-27',9),(5876,4109,4582,'2023-02-17',7),(5877,3116,1409,'2023-02-27',2),(5878,3535,5333,'2023-02-22',10),(5879,9138,5557,'2023-02-16',5),(5880,9824,6930,'2023-02-16',10),(5881,5102,9085,'2023-03-01',7),(5882,4109,1009,'2023-02-19',10),(5883,8245,5803,'2023-02-25',8),(5884,4770,5506,'2023-02-18',9),(5885,2225,4733,'2023-02-15',10),(5886,1228,9689,'2023-02-26',4),(5887,4109,2291,'2023-02-25',1),(5888,3868,4432,'2023-02-25',1),(5889,7505,9785,'2023-02-16',5),(5890,7992,3504,'2023-02-20',7),(5891,5949,2307,'2023-02-23',1),(5892,5505,4257,'2023-03-01',2),(5893,1742,6313,'2023-02-26',9),(5894,2864,3103,'2023-02-20',6),(5895,3116,5422,'2023-02-18',10),(5896,3116,4733,'2023-02-22',7),(5897,3531,1409,'2023-02-19',3),(5898,4263,7126,'2023-02-16',9),(5899,7690,4258,'2023-02-19',6),(5900,3248,4527,'2023-02-27',9),(5901,1126,9751,'2023-03-01',9),(5902,6119,9727,'2023-02-19',8),(5903,7229,3266,'2023-02-24',8),(5904,8430,5374,'2023-02-27',6),(5905,3878,5808,'2023-02-25',8),(5906,2336,9935,'2023-02-22',2),(5907,9115,4257,'2023-02-21',4),(5908,3076,3664,'2023-02-27',6),(5909,2747,9830,'2023-02-23',9),(5910,5728,3677,'2023-02-18',5),(5911,1601,3504,'2023-02-25',6),(5912,6460,1949,'2023-03-01',3),(5913,9837,4456,'2023-02-20',4),(5914,3579,2133,'2023-02-19',3),(5915,3248,1750,'2023-02-22',4),(5916,6272,4432,'2023-02-28',5),(5917,9318,3664,'2023-02-18',4),(5918,5564,5304,'2023-02-17',2),(5919,4073,4611,'2023-02-25',8),(5920,4109,1409,'2023-02-27',9),(5921,9149,1520,'2023-02-28',8),(5922,4804,4456,'2023-02-22',10),(5923,1502,5422,'2023-02-22',3),(5924,4743,3646,'2023-02-19',7),(5925,9824,9727,'2023-02-17',1),(5926,2775,8668,'2023-02-22',9),(5927,1653,4258,'2023-02-20',7),(5928,3347,5803,'2023-02-22',2),(5929,9254,9689,'2023-02-22',6),(5930,8344,5506,'2023-02-15',4),(5931,5183,3060,'2023-02-16',6),(5932,2293,5010,'2023-02-17',9),(5933,3068,6820,'2023-02-19',8),(5934,9149,5339,'2023-02-20',3),(5935,3306,8668,'2023-02-18',7),(5936,4629,4593,'2023-02-20',7),(5937,3361,6573,'2023-02-17',10),(5938,4335,9727,'2023-02-25',4),(5939,6119,7924,'2023-02-26',5),(5940,6400,6820,'2023-02-23',7),(5941,1100,9348,'2023-02-18',3),(5942,3131,1711,'2023-02-22',1),(5943,5479,7252,'2023-02-22',3),(5944,3579,9689,'2023-02-23',6),(5945,3500,3927,'2023-02-19',5),(5946,9807,8962,'2023-02-15',7),(5947,6153,3045,'2023-02-15',4),(5948,6119,9751,'2023-02-22',2),(5949,2591,8517,'2023-02-19',6),(5950,3868,2290,'2023-02-23',5),(5951,7141,3286,'2023-02-21',2),(5952,5000,5741,'2023-02-24',10),(5953,3370,2832,'2023-02-17',5),(5954,7751,9179,'2023-02-25',9),(5955,5210,5371,'2023-03-01',2),(5956,1153,1916,'2023-02-22',3),(5957,1502,7201,'2023-02-25',6),(5958,5847,2133,'2023-02-21',2),(5959,2713,3045,'2023-02-20',4),(5960,4846,6155,'2023-02-25',5),(5961,1510,8573,'2023-02-24',7),(5962,8213,9797,'2023-02-27',6),(5963,5831,1009,'2023-02-22',7),(5964,2924,2139,'2023-02-28',1),(5965,9167,6820,'2023-02-25',5),(5966,4349,4611,'2023-02-18',3),(5967,5901,6574,'2023-02-16',2),(5968,1897,1053,'2023-02-23',1),(5969,9090,2796,'2023-02-23',2),(5970,2899,3677,'2023-02-24',3),(5971,7744,2489,'2023-02-19',4),(5972,1715,6313,'2023-02-22',3),(5973,4335,6310,'2023-02-28',3),(5974,8172,2424,'2023-02-25',6),(5975,3347,9179,'2023-02-28',8),(5976,6352,6947,'2023-03-01',5),(5977,3290,9797,'2023-02-17',9),(5978,5479,2827,'2023-02-25',10),(5979,9138,6310,'2023-02-25',9),(5980,1588,3287,'2023-02-22',9),(5981,6446,5557,'2023-02-22',5),(5982,4945,2040,'2023-02-19',3),(5983,6188,5506,'2023-02-15',9),(5984,6761,2584,'2023-02-20',5),(5985,3877,1319,'2023-02-15',8),(5986,3248,5315,'2023-02-19',1),(5987,7779,5119,'2023-02-27',5),(5988,4868,7065,'2023-02-27',1),(5989,3290,4593,'2023-02-18',7),(5990,3578,2290,'2023-02-21',7),(5991,6213,3045,'2023-02-26',7),(5992,2773,3266,'2023-02-18',5),(5993,2713,8668,'2023-02-25',4),(5994,3024,7216,'2023-02-19',9),(5995,7929,8573,'2023-02-21',4),(5996,6567,4257,'2023-02-17',3),(5997,5342,3547,'2023-02-25',8),(5998,8450,6573,'2023-02-19',10),(5999,6549,1750,'2023-02-20',1);
/*!40000 ALTER TABLE `sales` ENABLE KEYS */;
UNLOCK TABLES;
/*!40103 SET TIME_ZONE=@OLD_TIME_ZONE */;

/*!40101 SET SQL_MODE=@OLD_SQL_MODE */;
/*!40014 SET FOREIGN_KEY_CHECKS=@OLD_FOREIGN_KEY_CHECKS */;
/*!40014 SET UNIQUE_CHECKS=@OLD_UNIQUE_CHECKS */;
/*!40101 SET CHARACTER_SET_CLIENT=@OLD_CHARACTER_SET_CLIENT */;
/*!40101 SET CHARACTER_SET_RESULTS=@OLD_CHARACTER_SET_RESULTS */;
/*!40101 SET COLLATION_CONNECTION=@OLD_COLLATION_CONNECTION */;
/*!40111 SET SQL_NOTES=@OLD_SQL_NOTES */;

-- Dump completed on 2025-10-04 11:05:01
